{"handle_min": [-0.014195577554127096, -0.07503827124181087, -0.014931802469383646], "handle_max": [0.014195569015155575, -0.021393257816339363, 0.13506819753061636], "lock_min": [-0.016451342097762934, -0.021941637250405488, -0.062415607318173597], "lock_max": [0.016451359545062095, -1.014422925269858e-09, 0.06241559129540627], "goal_pos": [-4.269485770749287e-09, 0.0710357653901152, 0.06576387659579568]}