{"min": [-2.3403950631955266, -0.04713930335445762, -0.877309055171149], "max": [1.659604936804473, 1.936367144609143, 1.078774683015007]}