{"handle_min": [-0.016779521042862153, -0.04193651250328666, -0.0157140007582058], "handle_max": [0.18322047895713783, -0.0030330828856546363, 0.016761683903953776], "goal_pos": [0.08318834781965827, 0.0, 0.022484798429426182]}