{"min": [-1.2467812061309815, 0.00862781086833715, -0.43694556932599166], "max": [0.04158282279968262, 0.3767318727060507, 0.48331443263982443]}