{"handle_min": [-0.03456207021115007, -0.09931816969063809, -0.033666679566167854], "handle_max": [0.03320346483948943, 0.0015576978846015424, 0.03409980744128309], "goal_pos": [-0.0006793026988688621, 0.0, 0.06432453246210905]}