{"min": [-0.47626796684720313, 0.04573663903073466, -0.7785837903746413], "max": [0.09282496665147927, 0.4342174438992515, 0.32156299265852223]}