{"handle_min": [-0.09639530628919601, -0.04394628587663177, -0.03347329504489893], "handle_max": [0.03343374668815091, -0.00014121244440901126, 0.03331423361649721], "goal_pos": [-0.04819765314459801, 0.0, 0.034043747931718826]}