{"handle_min": [-0.011816245168446704, -0.06925705330741806, -0.011814101310319972], "handle_max": [0.011816269392535547, -0.007005767356146568, 0.13818589868968], "lock_min": [-0.015409725177165542, -0.06925705330741806, -0.015409725152451106], "lock_max": [0.015409725177165903, 6.659046241710241e-10, 0.01540972543728897], "goal_pos": [1.211204480081165e-08, 0.06770916734378897, 0.06300939225218977]}