{"handle_min": [-0.04010942341467923, -0.03935128509019457, -0.018152184622135904], "handle_max": [0.03984252411923857, -0.00044686426169388016, 0.1318478153778641], "goal_pos": [-0.0001334496440177987, 0.06266231580028561, 0.031528080827116695]}