{"min": [-0.6884261786937713, -0.05590057431421098, -0.5000275357783682], "max": [0.0642543911933899, 0.7359821657980328, 0.4482247376413815]}