{"handle_min": [-0.032704345953191286, -0.10158600793871668, -0.03272572895273692], "handle_max": [0.03274712148103342, -0.00019118485693977452, 0.03272572895273692], "goal_pos": [2.138776380021679e-05, 0.0, 0.0659702864920428]}