{"handle_min": [-0.012900935430132649, -0.07354929697266054, -0.013079476392472162], "handle_max": [0.013732825956439288, -0.011294815837916562, 0.13692052360752782], "lock_min": [-0.017922394055878928, -0.011097985344218625, -0.03802475372187083], "lock_max": [0.017615231330552244, 5.536672680181096e-05, 0.038499522942470846], "goal_pos": [0.00041594525318169005, 0.06192052297820766, 0.0601974210183785]}