{"min": [-0.5884997606277466, -0.07383653253602596, -0.7297735432928546], "max": [0.05963702201843262, 0.875864262001732, 0.512488933068655]}