{"handle_min": [-0.033009469990302395, -0.07756995073337059, -0.032595042460580155], "handle_max": [0.032186590834796996, -0.00012828789120610066, 0.03260102886605265], "goal_pos": [-0.0004114395777526986, 0.0, 0.0529440373041132]}