{"handle_min": [-0.014828575340443512, -0.07189359879036315, -0.015246790928648758], "handle_max": [0.01595601755603489, -0.012798660562138723, 0.13475320907135124], "lock_min": [-0.0186003556361236, -0.012798662799690035, -0.03828440051246832], "lock_max": [0.019795618840812337, 1.6832205847253882e-09, 0.0385075731782022], "goal_pos": [0.000563721117326201, 0.07255186957291994, 0.06282398852220583]}