{"min": [-0.6096377881674985, -0.013031938960555094, -0.8245894707004794], "max": [0.10728511225869844, 0.6805387686815308, 0.4959003846583147]}