{"handle_min": [-0.11669279033914223, -0.054640425497925374, -0.02001007122082379], "handle_max": [0.02832162311708304, -0.00026756679222183653, 0.02010149502216185], "goal_pos": [-0.04418558552861213, -0.000898505002260208, 0.04495399743318557]}