{"handle_min": [-0.01673050805146487, -0.092262190661545, -0.01540958365267044], "handle_max": [0.0167054667229743, -0.027161786135375572, 0.13459041634732954], "lock_min": [-0.04163675116962963, -0.027438160237998003, -0.06819908000279787], "lock_max": [0.041636759537926414, 3.0147968325449325e-09, 0.06974181589194191], "goal_pos": [-1.252066486748354e-05, 0.059590414282764334, 0.07076684657443885]}