{"handle_min": [-0.006079267993490563, -0.022839888528458866, -0.007569803304331803], "handle_max": [0.006495608899785989, -0.004875819802021241, 0.1424301966956682], "lock_min": [-0.013264895486236985, -0.004875810682085464, -0.014755520561680105], "lock_max": [0.0136812384136789, -0.0003847905135788478, 0.16488527959478078], "goal_pos": [0.00020817045071490765, 0.07290564585818478, 0.017508154334473083]}