{"handle_min": [-0.01653084292611111, -0.052925122501091465, -0.024648851785456175], "handle_max": [0.020772639041316585, -7.00802617707509e-05, 0.12535114821454385], "goal_pos": [0.0021208980457000327, 0.06500542899245762, 0.0418845958929145]}