{"min": [-1.338750457763672, 0.016830612717321492, -0.3072172727137695], "max": [0.0859687328338623, 0.6104634502149203, 0.28641552295364175]}