{"handle_min": [-0.03270307823069103, -0.06205382226202737, -0.02828999242846909], "handle_max": [0.0324066009111078, -0.00019962032528558923, 0.02809660328628308], "goal_pos": [-0.00014823865983942577, 0.0, 0.04650695882730508]}