{"handle_min": [-0.011969042659122575, -0.07432175536179386, -0.0062377716174766345], "handle_max": [0.011875681150221569, -0.018916736683356528, 0.14376222838252337], "lock_min": [-0.019313636630322473, -0.019550451093333584, -0.042690004699116345], "lock_max": [0.019313637766886008, 0.00020070963586219038, 0.042690004699116345], "goal_pos": [-4.668075512605043e-05, 0.0762626715517196, 0.06412027721418903]}