{"handle_min": [-0.009368470550079208, -0.07208917441757469, -0.009688160538772412], "handle_max": [0.008781299719555226, -0.009775887959898392, 0.14031183946122758], "lock_min": [-0.032670626573253994, -0.009775891465681382, -0.03299026894875275], "lock_max": [0.03208338572898472, 0.00024545553142607074, 0.03176374363221147], "goal_pos": [-0.00029358540990894876, 0.06781717444683052, 0.060975216958344146]}