{"min": [-2.023327074576359, -0.10502449708584345, -0.8283939998577439], "max": [1.9766729254236404, 1.8467704581343034, 0.8174539443121406]}