{"handle_min": [-0.015975419199091342, -0.09174078510326024, -0.01667600173988874], "handle_max": [0.015539688409574766, -0.008141398091589659, 0.1333239982601113], "lock_min": [-0.01694017085221871, -0.011224060690808838, -0.04592670017589438], "lock_max": [0.016730252654929636, 4.9059093386238416e-09, 0.043798129624804734], "goal_pos": [-0.0002178653909006175, 0.0628133606031656, 0.07687726003718233]}