{"min": [-0.4691982226165426, -0.08854196968647335, -0.5387887979311171], "max": [0.09080174476787281, 0.4567151093919698, 0.7060670132113372]}