{"min": [-0.48153571043021337, -0.02454672633372095, -0.8250511884689331], "max": [0.48831166859606334, 0.025453273443489084, 0.8249488526256528]}