{"handle_min": [-0.012448914809745956, -0.05858982444934883, -0.01257087832749064], "handle_max": [0.01264587760398196, -0.007533318614820756, 0.13742912167250934], "lock_min": [-0.015585321848489441, -0.007559596043380082, -0.04320557810905685], "lock_max": [0.015783159934912836, -3.1156223471596105e-05, 0.04713565252966906], "goal_pos": [9.848139591728932e-05, 0.06744808009171759, 0.051882659958953393]}