{"min": [-0.6485166735947132, -0.05010954776398659, -0.8164340690927578], "max": [0.7166603021323681, 0.12064845227709509, 0.6831329123044576]}