{"handle_min": [-0.014696883555092806, -0.044411789601458494, -0.0249261827529748], "handle_max": [-3.2121067422024695e-10, -0.000321156935406406, 0.1250738172470252], "goal_pos": [-0.007348441649158593, 0.07579335827594692, 0.03981901819716843]}