{"min": [-0.5463780559590844, -0.005930097007169244, -0.30160720888131737], "max": [0.05362194136743596, 0.3035608175710741, 0.2983928110945733]}