{"handle_min": [-0.013373648114320787, -0.045351003094945164, -0.013776126706751357], "handle_max": [0.01352469451081099, -0.015462163640088395, 0.013552315411984744], "lock_min": [-0.04195452547951056, -0.027930943909181605, -0.05758880063198814], "lock_max": [0.04215287609190671, 0.0006830791105530548, 0.026513003478771315], "goal_pos": [7.552320054018254e-05, 2.82604863559147e-05, 0.03209709020029158]}