{"handle_min": [-0.006407470430259029, -0.04564669572467477, -0.02399435611042081], "handle_max": [0.00657579136464683, -0.00018690151683825528, 0.12600564388957916], "goal_pos": [8.416046878859328e-05, 0.06958204562626925, 0.04149320166346155]}