{"min": [-0.29712118208408356, -0.015398801073470372, -0.4184643393130002], "max": [0.7740058153867722, 0.09536519371253271, 0.4092246605215529]}