{"handle_min": [-0.013092578277181972, -0.09196124159962991, -0.013707405210791213], "handle_max": [0.013400979800909135, -0.00016599501929019544, 0.1362925947892088], "goal_pos": [0.0001542007631970137, 0.07322670773649168, 0.0842527758652068]}