{"min": [-0.400164771543536, -0.02195409221868805, -0.37732700938289], "max": [0.40152274450520054, -0.006472715424048259, 0.37436798735491195]}