{"handle_min": [-0.024492343557314264, -0.05198534252754071, -0.013386491515010897], "handle_max": [0.03603215809025254, -0.017370699316632727, 0.1366135084849891], "lock_min": [-0.049243533551278716, -0.017628541770319046, -0.020014851392983733], "lock_max": [0.04927508146513243, -0.00018807691081150653, 0.019925117806981012], "goal_pos": [0.013757902817730304, 0.06693883798291995, 0.04532868388839768]}