{"min": [-0.3301365304589269, -0.01734911484359463, -0.44728168845176697], "max": [0.3198634212180699, 0.022650929812809296, 0.4527183075380137]}