{"handle_min": [-0.012918475732379612, -0.039156646136931324, -0.03698755459230701], "handle_max": [0.010650407222856493, -0.016701555176331102, 0.113012445407693], "lock_min": [-0.0190980990550024, -0.016701550883497493, -0.0629751078924095], "lock_max": [0.01683004962876296, -0.000533885679875216, 0.06434973110810255], "goal_pos": [-0.0011340342926303168, 0.04340166598132226, 0.03691113831781104]}