{"handle_min": [-0.012520340020156355, -0.05156251145116398, -0.012536792865217508], "handle_max": [0.012479661304846276, -0.01875001090477016, 0.1374632071347825], "lock_min": [-0.014876524323952043, -0.018750008261273286, -0.15945857176914413], "lock_max": [0.014810975676047953, -2.6077024175411143e-09, 0.09210392823085584], "goal_pos": [-2.0339357894486978e-05, 0.06836872102495936, 0.046967283664213176]}