{"min": [-0.3849128823824181, -0.02903762862504663, -0.5371479539544243], "max": [0.06522969952112166, 0.48197824143221984, 0.475939258476685]}