{"min": [-1.2256466388702394, 0.004938187194406307, -0.5372092849347554], "max": [0.04974780082702637, 0.4687182774317359, 0.3710259185366942]}