{"handle_min": [-0.03215925614139886, -0.0649406751975571, -0.03227525332057291], "handle_max": [0.03210485524253379, -8.53735416791814e-05, 0.03198885806335975], "goal_pos": [-2.720044924953557e-05, 0.0, 0.04204499859507268]}