{"handle_min": [-0.014646835792508845, -0.06818189967475972, -0.014957773057483055], "handle_max": [0.014610393452208577, -0.01350546272078266, 0.13504222694251694], "lock_min": [-0.018319484191764292, -0.013505439737614321, -0.04073784915731899], "lock_max": [0.01827807626624103, -0.00010064843996281618, 0.04090946075784042], "goal_pos": [-1.8221170176499368e-05, 0.0673539307602096, 0.060341559468566563]}