{"handle_min": [-0.01259883807583387, -0.06995609864776461, -0.013572957979318198], "handle_max": [0.013049599992725786, -0.010686483970603162, 0.1364270420206818], "lock_min": [-0.014018934636291409, -0.06120177517054801, -0.036045432235143664], "lock_max": [0.014469688172646896, -0.0002851334214798433, 0.0359765204061441], "goal_pos": [0.00022538096050416472, 0.06409877627642704, 0.06347630383732622]}