{"handle_min": [-0.011691788142341022, -0.04177476169038449, -0.012826536582957501], "handle_max": [0.011840799499011538, 0.0005473995782928879, 0.13717346341704248], "goal_pos": [7.450567757579555e-05, 0.07288303589011666, 0.03846296510298712]}