{"handle_min": [-0.016987929140367192, -0.04468846621055035, -0.016267014866309923], "handle_max": [0.016183417779644448, -0.011334896357932446, 0.13373298513369009], "lock_min": [-0.022516484716106153, -0.011334896357932446, -0.021795570442048884], "lock_max": [0.021711949790622128, -0.00021703188547271703, 0.022432864064679398], "goal_pos": [-0.0004022556760140599, 0.06095655784440335, 0.03245882514877662]}