{"min": [-0.324666816459689, -0.044453212081602134, -0.6056669496924145], "max": [0.3246207014308311, -0.028971835286962344, 0.6032280899666915]}