{"handle_min": [-0.020818817887777372, -0.07741732494123427, -0.020924376289592584], "handle_max": [0.025954831928483506, -0.001292639828076932, 0.12907562371040743], "lock_min": [-0.04260616414312361, -0.015268764741268847, -0.11957049629154835], "lock_max": [0.043192495551825305, -0.0012116827672409658, 0.12129949969674957], "goal_pos": [0.002568006915697886, 0.054075624352710884, 0.07090407448837194]}