{"min": [-2.227512132760341, -0.04317785505497384, -0.8512718304890738], "max": [1.7724878672396593, 1.7693703309231281, 1.0337861686962246]}