{"handle_min": [-0.017152479002324028, -0.04167622225772796, -0.0156663806085504], "handle_max": [0.18284752099767598, -0.0027727834318454258, 0.016809303225453445], "goal_pos": [0.09142375929042457, 0.0, 0.0222245033976056]}