{"min": [-0.5808441560842311, 0.016425424441695213, -0.9152157068252563], "max": [0.059313330799341195, 0.5499184115383287, 0.47162427641451354]}