{"min": [-0.6926632881164552, 0.012983859182370595, -0.7304913970993616], "max": [0.0557199239730835, 0.8682791688566962, 0.4989950852440189]}