{"handle_min": [-0.033563086399755006, -0.05085367004767174, -0.03320472183198174], "handle_max": [0.033647388734765325, -8.544658427209384e-05, 0.03311851851629087], "goal_pos": [4.215116641335813e-05, 0.0, 0.0361295525301695]}