{"min": [-1.2132633686065675, 0.011419333891965033, -0.4992118775626053], "max": [0.060197448730468756, 0.4744961845843756, 0.4076457909894181]}