{"handle_min": [-0.03306862952121535, -0.09275265631762583, -0.033109071862438326], "handle_max": [0.033100217374809525, -0.00018600212536962386, 0.03305989850761367], "goal_pos": [1.579392663472925e-05, 0.0, 0.06536356051526952]}