{"min": [-2.236356691490303, -0.042739475117778494, -0.8524009741581847], "max": [1.7636433085096974, 1.7698087108603233, 1.0326570250271137]}