{"handle_min": [-0.03271121323044811, -0.03370810223652165, -0.025771494701355695], "handle_max": [0.1672887867695519, 0.0002276024755690567, 0.027941906311247443], "goal_pos": [0.10141883796302568, 0.0, 0.016685353269625978]}