{"handle_min": [-0.010561786939988566, -0.07252488470242645, -0.006632875337235728], "handle_max": [0.01376270362766785, -0.0069589958554753546, 0.14336712466276427], "lock_min": [-0.020368024917774712, -0.00695900498211979, -0.03652665542111223], "lock_max": [0.020382989614943368, 5.142243446517602e-09, 0.036446707382617474], "goal_pos": [0.0016004583878228371, 0.06836712406551337, 0.06563577926265914]}