{"handle_min": [-0.00617702872818203, -0.046941192942408005, -0.011070135267825864], "handle_max": [0.006175939332731375, -0.011647062962769055, 0.13892986473217414], "lock_min": [-0.012035809012270561, -0.011647083995903282, -0.0344376952082818], "lock_max": [0.012034777580887487, -1.993652276169449e-09, 0.08643024010985523], "goal_pos": [-5.446977294720763e-07, 0.06392986197706074, 0.03988236189794847]}