{"min": [-0.9132336113743165, -0.07996249737169148, -0.7119205078120728], "max": [0.10701655894571971, 0.6676128364723819, 0.48154791821653475]}