{"handle_min": [-0.1146999926399488, -0.03853197327411396, -0.025800002848606812], "handle_max": [0.025000005671749065, -0.0004319651498976195, 0.024999996537465347], "goal_pos": [-0.05734999477863312, 0.0, 0.03248196840286255]}