{"min": [-2.3656341440688267, -0.0481884926665478, -0.8767325869130322], "max": [1.6343658559311736, 1.9353172321093426, 0.5846391014480672]}