{"min": [-0.5665119171142579, 0.015470386106738322, -0.8561050743593239], "max": [0.06970248222351075, 0.8637560284976564, 0.29261571759840194]}