{"handle_min": [-0.03215948447012822, -0.08443416490301311, -0.03214931353456188], "handle_max": [0.03217130676569508, -1.0544962738594278e-09, 0.032181477701261424], "goal_pos": [5.911148044283395e-06, 0.0, 0.05234791723926819]}