{"handle_min": [-0.0240722325723263, -0.06925046012316893, -0.026232726355659965], "handle_max": [0.023898143731921957, -0.00020753867906246037, 0.12376727364434004], "goal_pos": [-8.704442244030961e-05, 0.06169716339279277, 0.06274376089500695]}