{"min": [-0.4979390360415627, 0.052260143586854796, -0.8673763600459284], "max": [0.13944879063944543, 0.5312113598925995, 0.454880256242104]}