{"handle_min": [-0.0804961030768716, -0.04501068105040696, -0.03174999697506249], "handle_max": [0.0317499996162951, 1.3878373381071007e-09, 0.031750003014506666], "goal_pos": [-0.04024805128574371, -0.0, 0.037505339831113815]}