{"min": [-0.7972875833511353, -0.01584226946755051, -0.8757110664113285], "max": [0.2729843854904175, 0.09882978046629597, 0.3092329520270478]}