{"handle_min": [-0.007450854834561407, -0.033480161421608735, -0.01224843623001929], "handle_max": [0.007471195678691115, -0.008411142518969688, 0.13775156376998068], "lock_min": [-0.014911862921876042, -0.009604908344812695, -0.03538355547719544], "lock_max": [0.014932210313718362, -5.4799933985520504e-05, 0.03624221747500901], "goal_pos": [1.0170421734552836e-05, 0.06275156538451691, 0.02810822888445358]}