{"handle_min": [-0.017791075817455298, -0.059540016606148556, -0.005733425834844293], "handle_max": [0.005919176585111142, -0.0036085010807194837, 0.1442665741651557], "lock_min": [-0.02153275974384859, -0.0036084847023899447, -0.010757874618206913], "lock_max": [0.021769065159782566, 7.667731439432522e-09, 0.010893041364578193], "goal_pos": [-0.005935949935189909, 0.07215336363337939, 0.05322516609254329]}