{"min": [-2.356568277531834, -0.04443336319160627, -0.8711132676651897], "max": [1.6434317224681654, 1.9415290997907526, 1.0873925607818644]}