{"handle_min": [-0.01826077439700545, -0.04071424695713279, -0.019066089958822828], "handle_max": [0.18173922560299455, -0.00034495150594039757, 0.019153501418196557], "goal_pos": [0.08214707822668736, 0.004320394460734888, 0.020529457723590508]}