{"min": [-0.3691137135028839, -0.07120247930288315, -0.7724195122718811], "max": [0.37088631226781743, 0.06879751280630675, 0.6675803650397967]}