{"handle_min": [-0.014824271514600956, -0.06771803405974135, -0.015236535652493676], "handle_max": [0.014489149266280475, -0.013054296810749148, 0.1347634643475063], "lock_min": [-0.018518070065513176, -0.013401678986890946, -0.040814181453297294], "lock_max": [0.01803194765214879, 0.0, 0.0408142052001846], "goal_pos": [-0.00024306121234325462, 0.0731000653107638, 0.06274421251311277]}