{"min": [-0.4798749268054962, -0.03329335473072222, -0.4862003303831932], "max": [0.05117796957492828, 0.7199535334369156, 0.5316508313872335]}