{"handle_min": [-0.03308082615295386, -0.10275542807072573, -0.033102455305593394], "handle_max": [0.033124094096675216, -0.00019338570551308902, 0.033102455305593394], "goal_pos": [2.163397173843714e-05, 0.0, 0.06672971175841157]}