{"handle_min": [-0.013994809703966295, -0.10099946266229037, -0.013785429932347864], "handle_max": [0.013477697049566723, -0.02069908351331379, 0.1362145700676521], "lock_min": [-0.024718674972047053, -0.021036438611558676, -0.06824303751694495], "lock_max": [0.024613812311826414, 0.0001381400955168871, 0.06925656472804216], "goal_pos": [-0.00025855633653171147, 0.06671122493914329, 0.08833254696577786]}